preset,method,n_pairs,valid_pose,valid_ratio,mean_selected_kp,median_selected_kp,avg_steps,mean_err_deg,median_err_deg,prec@5,prec@10,prec@20,auc@5,auc@10,auc@20,mean_matches,mean_inliers
ORB,adaptive,1500,1500,1.0,900.6,500.0,1.41,69.325,50.876,2.47,6.27,18.0,1.0,2.78,7.52,34.8,27.75
SIFT,adaptive,1500,1500,1.0,542.3,500.0,1.08,44.311,21.869,18.8,31.4,47.93,9.92,17.63,28.93,63.41,42.41
AKAZE,adaptive,1500,1500,1.0,536.3,500.0,1.07,42.967,23.319,13.4,26.53,45.13,6.78,13.53,24.94,55.45,39.84
BRISK,adaptive,1500,1496,0.9973,751.7,500.0,1.35,52.384,36.754,8.07,16.53,32.07,3.74,7.92,16.0,32.49,25.85
FAST+BRIEF,adaptive,1500,1500,1.0,514.3,500.0,1.03,63.127,39.423,13.67,22.4,35.07,7.18,12.74,20.94,46.59,31.25
KAZE,adaptive,1500,1487,0.9913,647.3,500.0,1.3,44.905,25.451,12.73,25.27,43.27,6.4,12.87,23.85,43.17,31.32
GFTT+BRIEF,adaptive,1500,1500,1.0,522.3,500.0,1.03,64.555,39.322,12.87,22.73,35.13,6.25,12.14,20.82,47.27,31.39
GFTT+SIFT,adaptive,1500,1499,0.9993,568.0,500.0,1.14,51.746,24.397,21.27,32.73,46.13,11.03,19.29,29.84,55.13,40.17
STAR+BRIEF,adaptive,1500,1500,1.0,494.0,500.0,1.01,67.573,40.582,12.33,21.6,33.0,5.76,11.54,19.39,40.87,22.65
ORB+FREAK,adaptive,1500,1330,0.8867,818.5,500.0,2.12,66.788,48.541,2.53,6.87,17.13,0.93,2.68,7.31,30.12,24.16
FAST+FREAK,adaptive,1500,1500,1.0,516.0,500.0,1.03,70.104,47.793,12.2,20.4,30.87,6.81,11.78,18.99,33.78,21.53
