preset,budget,n_pairs,valid_pose,valid_ratio,mean_err_deg,median_err_deg,prec@5,prec@10,prec@20,auc@5,auc@10,auc@20,mean_matches,mean_inliers
ORB,500,1500,1210,0.8067,69.739,49.925,2.0,5.13,14.2,0.77,2.21,5.94,30.64,25.08
ORB,1000,1500,1399,0.9327,65.51,47.962,3.27,7.8,20.73,1.38,3.38,9.13,54.74,43.49
ORB,2000,1500,1497,0.998,52.907,35.327,8.87,18.4,33.27,4.0,8.86,17.52,88.82,68.32
ORB,4000,1500,1500,1.0,39.784,22.631,16.8,29.73,47.4,7.97,15.65,27.62,138.18,102.42
SIFT,500,1500,1469,0.9793,44.727,21.773,18.47,30.8,47.0,9.68,17.28,28.37,62.61,42.04
SIFT,1000,1500,1499,0.9993,34.416,12.052,30.4,45.8,60.8,16.54,27.84,41.06,99.35,65.13
SIFT,2000,1500,1500,1.0,23.584,6.46,42.53,60.0,72.8,24.55,38.8,53.23,169.05,115.96
SIFT,4000,1500,1500,1.0,16.642,4.792,51.27,69.73,82.4,30.21,46.08,61.62,294.14,212.5
AKAZE,500,1500,1467,0.978,43.049,23.086,13.27,26.13,44.53,6.69,13.34,24.62,54.88,39.54
AKAZE,1000,1500,1497,0.998,33.273,16.489,21.8,36.93,54.87,10.61,20.24,33.65,93.26,66.27
AKAZE,2000,1500,1500,1.0,22.655,9.537,32.0,51.27,68.4,16.18,29.37,45.52,161.14,114.57
AKAZE,4000,1500,1500,1.0,17.603,6.907,39.4,61.73,76.93,20.44,36.08,53.29,289.92,212.3
BRISK,500,1500,1301,0.8673,54.021,38.434,6.6,13.8,27.07,2.99,6.55,13.37,29.61,23.87
BRISK,1000,1500,1443,0.962,45.033,25.888,14.4,26.27,41.0,7.23,13.89,24.01,48.52,37.82
BRISK,2000,1500,1494,0.996,33.815,15.157,24.4,39.4,56.6,12.1,22.29,35.53,84.76,64.07
BRISK,4000,1500,1500,1.0,23.746,8.443,34.53,54.4,70.73,17.34,31.62,47.48,158.04,120.55
FAST+BRIEF,500,1500,1496,0.9973,63.117,39.363,13.6,22.33,34.93,7.13,12.68,20.85,46.32,31.16
FAST+BRIEF,1000,1500,1500,1.0,55.117,26.033,19.07,32.2,43.73,9.88,17.93,28.15,73.99,48.08
FAST+BRIEF,2000,1500,1500,1.0,49.898,18.578,24.53,37.93,51.27,13.07,22.54,34.18,128.03,83.39
FAST+BRIEF,4000,1500,1500,1.0,45.685,13.641,30.8,44.27,56.53,16.03,27.07,39.06,218.22,143.4
KAZE,500,1500,1354,0.9027,44.155,24.337,12.0,23.6,40.33,6.04,12.04,22.32,41.45,30.2
KAZE,1000,1500,1454,0.9693,39.288,18.188,21.47,34.73,50.6,10.91,19.89,31.7,75.87,53.9
KAZE,2000,1500,1490,0.9933,31.301,11.643,29.2,45.93,62.2,14.8,26.78,41.1,137.01,95.23
KAZE,4000,1500,1500,1.0,25.639,7.993,37.67,55.47,70.67,19.15,33.35,48.76,243.59,172.7
GFTT+BRIEF,500,1500,1494,0.996,64.612,38.9,12.8,22.67,35.07,6.19,12.08,20.76,46.85,31.28
GFTT+BRIEF,1000,1500,1499,0.9993,55.952,25.004,20.53,32.53,46.07,10.64,18.92,29.31,77.12,50.09
GFTT+BRIEF,2000,1500,1500,1.0,47.763,16.419,27.53,40.33,52.8,14.12,24.32,36.19,137.81,90.17
GFTT+BRIEF,4000,1500,1500,1.0,45.315,13.615,29.0,43.87,56.53,15.4,26.33,38.82,242.77,157.74
GFTT+SIFT,500,1500,1450,0.9667,51.438,23.231,20.6,31.87,45.07,10.64,18.72,29.05,54.26,39.75
GFTT+SIFT,1000,1500,1492,0.9947,43.252,14.897,30.8,43.27,55.6,16.73,27.17,38.57,88.5,65.01
GFTT+SIFT,2000,1500,1499,0.9993,39.386,10.35,35.6,49.27,60.6,20.48,31.73,43.73,157.11,118.14
GFTT+SIFT,4000,1500,1500,1.0,36.439,8.203,39.07,54.47,65.2,22.01,34.96,47.73,275.3,210.32
STAR+BRIEF,500,1500,1500,1.0,67.943,40.893,12.27,21.53,32.93,5.75,11.5,19.34,40.7,22.62
STAR+BRIEF,1000,1500,1500,1.0,57.816,29.477,16.47,28.53,42.87,8.41,15.79,26.1,70.11,39.07
STAR+BRIEF,2000,1500,1500,1.0,51.788,21.693,22.0,35.4,48.67,11.03,20.05,31.27,107.12,61.14
STAR+BRIEF,4000,1500,1500,1.0,49.745,20.886,23.27,37.0,49.2,11.62,20.98,32.29,137.79,79.24
ORB+FREAK,500,1500,1057,0.7047,70.847,50.444,2.13,5.8,14.07,0.82,2.35,6.15,26.75,21.54
ORB+FREAK,1000,1500,1240,0.8267,64.762,43.071,4.6,10.6,21.33,2.01,4.61,10.4,46.75,36.87
ORB+FREAK,2000,1500,1389,0.926,54.98,37.733,8.33,15.4,29.8,4.03,7.59,15.18,77.16,59.39
ORB+FREAK,4000,1500,1440,0.96,49.656,30.9,11.47,22.73,37.0,5.1,11.12,20.74,111.24,83.91
FAST+FREAK,500,1500,1494,0.996,70.42,47.817,12.2,20.27,30.6,6.81,11.75,18.86,33.46,21.45
FAST+FREAK,1000,1500,1500,1.0,63.989,35.145,17.27,28.13,39.93,9.71,16.46,25.71,52.84,31.17
FAST+FREAK,2000,1500,1500,1.0,56.944,24.998,24.33,35.07,46.53,12.87,21.56,31.75,88.06,50.31
FAST+FREAK,4000,1500,1500,1.0,54.694,18.285,28.87,41.27,51.47,15.37,25.49,36.29,145.82,82.33
