preset,md_train_avg_kp,md_train_med_kp,md_train_steps,md_train_prec@5,md_train_prec@10,md_train_prec@20,md_train_auc@5,md_train_auc@10,md_train_auc@20,md_train_mean_err,md_train_median_err,md_train_valid_ratio,md_train_mean_matches,md_train_mean_inliers,hp_zeroshot_avg_kp,hp_zeroshot_prec@20,hp_zeroshot_auc@5,hp_zeroshot_auc@10,hp_zeroshot_auc@20,fixed_500@20,fixed_1000@20,fixed_2000@20,fixed_4000@20,gain_over_zeroshot,gap_vs_fixed_4000
SIFT,328.0,100.0,1.75,15.56,26.67,37.33,7.93,14.46,23.16,52.87,35.5,1.0,30.8,22.2,537.8,48.44,10.65,18.69,29.96,48.44,59.11,72.0,84.44,-11.11,-47.11
AKAZE,348.0,500.0,1.91,8.0,19.11,36.0,3.59,8.61,18.19,53.04,37.61,1.0,24.5,17.9,535.6,47.56,8.92,14.84,26.78,46.22,52.89,66.22,75.11,-11.56,-39.11
KAZE,495.6,500.0,2.04,8.0,18.22,32.44,3.62,8.41,17.41,54.47,36.15,0.9956,22.3,16.2,644.4,46.67,7.01,14.35,26.52,44.0,52.44,60.89,73.33,-14.23,-40.89
GFTT+SIFT,369.3,100.0,1.95,11.11,21.78,33.78,5.05,10.46,19.66,59.78,35.79,1.0,25.1,17.9,571.1,48.0,11.99,20.43,31.72,46.22,58.67,61.33,67.56,-14.22,-33.78
FAST+BRIEF,310.7,100.0,1.71,7.11,16.44,29.33,3.3,6.89,15.24,66.6,50.1,1.0,23.8,15.3,508.9,35.56,7.37,12.76,21.32,35.56,47.56,57.33,58.22,-6.23,-28.89
GFTT+BRIEF,302.7,100.0,1.75,4.44,11.56,25.33,1.71,5.17,12.19,69.16,44.15,1.0,23.9,15.5,513.3,37.78,7.77,14.19,23.39,37.33,48.89,57.33,60.89,-12.45,-35.56
FAST+FREAK,350.2,500.0,1.68,4.0,8.0,20.0,1.98,3.78,9.32,80.89,55.04,1.0,19.3,11.8,524.4,31.11,8.58,12.6,19.06,30.67,44.89,47.56,52.0,-11.11,-32.0
STAR+BRIEF,319.9,397.0,1.73,4.0,9.78,20.0,1.83,4.3,9.85,82.68,61.76,1.0,24.6,13.6,490.2,30.22,6.42,11.07,18.71,30.22,42.22,51.11,52.0,-10.22,-32.0
BRISK,614.2,500.0,1.8,5.78,12.0,23.56,2.53,5.52,11.56,55.83,39.04,1.0,20.2,16.1,742.2,29.33,4.45,8.07,15.66,25.33,40.0,53.33,66.67,-5.77,-43.11
ORB,701.8,500.0,1.96,1.78,4.0,11.11,0.52,2.0,4.56,77.32,55.91,1.0,20.2,16.2,902.2,17.33,1.57,3.94,8.2,14.67,21.78,33.78,48.44,-6.22,-37.33
ORB+FREAK,981.4,500.0,2.28,1.33,5.78,17.33,0.61,1.74,6.82,67.44,47.03,0.9467,29.3,22.9,833.6,17.33,0.18,1.33,6.71,12.89,22.22,32.0,34.22,0.0,-16.89
