preset,md_train_avg_kp,md_train_auc@5,md_train_auc@10,md_train_auc@20,hp_zeroshot_auc@5,hp_zeroshot_auc@10,hp_zeroshot_auc@20,md_train_prec@5,md_train_prec@10,md_train_prec@20
SIFT,328.0,7.93,14.46,23.16,10.65,18.69,29.96,15.56,26.67,37.33
AKAZE,348.0,3.59,8.61,18.19,8.92,14.84,26.78,8.0,19.11,36.0
KAZE,495.6,3.62,8.41,17.41,7.01,14.35,26.52,8.0,18.22,32.44
GFTT+SIFT,369.3,5.05,10.46,19.66,11.99,20.43,31.72,11.11,21.78,33.78
FAST+BRIEF,310.7,3.3,6.89,15.24,7.37,12.76,21.32,7.11,16.44,29.33
GFTT+BRIEF,302.7,1.71,5.17,12.19,7.77,14.19,23.39,4.44,11.56,25.33
FAST+FREAK,350.2,1.98,3.78,9.32,8.58,12.6,19.06,4.0,8.0,20.0
STAR+BRIEF,319.9,1.83,4.3,9.85,6.42,11.07,18.71,4.0,9.78,20.0
BRISK,614.2,2.53,5.52,11.56,4.45,8.07,15.66,5.78,12.0,23.56
ORB,701.8,0.52,2.0,4.56,1.57,3.94,8.2,1.78,4.0,11.11
ORB+FREAK,981.4,0.61,1.74,6.82,0.18,1.33,6.71,1.33,5.78,17.33
